red_zone,total_plays,avg_epa,pass_rate,shotgun_rate,no_huddle_rate,play_action_rate,motion_rate,screen_rate,rpo_rate
0,1734,-0.0016792785733198187,0.5720168094111625,0.5259584206079014,0.08753615660680243,0.1322884850264129,0.5401237181694829,0.03872450218209945,0.02452062502705276
1,289,-0.015002649901804327,0.45325733843833393,0.41134122287968444,0.06563986541362107,0.10044668755075996,0.5644419306184012,0.04480508179603202,0.02078547395289477
